feature,ks_stat,ks_p,mw_stat,mw_p,wasserstein
Tortuosity - Mean,0.18527918781725888,6.829301976758327e-36,3418106.0,1.983777553839131e-07,0.0827719267831154
Tortuosity - Std,0.11308516638465876,1.3624734921445396e-13,2863396.5,1.1200776264888183e-07,0.1609612128376027
Tortuosity - Median,0.2140439932318105,7.476444571844095e-48,3698985.0,6.90768007838053e-26,0.0338792731432898
Curvature - Mean,0.3883248730964467,1.4735150860465025e-159,3761374.0,1.232975758701053e-31,0.232558820481965
Curvature - Std,0.15284827975183304,1.613413757072637e-24,2933891.0,7.162610734052207e-05,0.8950320152494433
Curvature - Median,0.4410603496897913,1.8046540544924198e-207,4309738.0,3.981612681422707e-108,0.02105128514795212
Curvature Var - Mean,0.22137619853355894,3.47200289134508e-51,3173972.0,0.5641946726547942,5872.595998858489
Curvature Var - Std,0.16159052453468697,2.2948892306270074e-27,2950546.0,0.00025683105138620183,24077.14751414337
Curvature Var - Median,0.2281443880428652,2.2943704397702022e-54,3711602.0,5.313346955363683e-27,0.008757824436725296
