feature,ks_stat,ks_p,mw_stat,mw_p,wasserstein,syn_mean,syn_std,syn_median,real_mean,real_std,real_median
Tortuosity (strand),0.08564593301435405,1.7815403944305686e-80,319434776.5,0.0023552110539977935,0.11316934159065609,1.9384747444342172,2.4067012679471658,1.2825435240575396,1.9222707268291568,2.2217722600816927,1.291724215164282
Curvature Mean (strand),0.13775917065390753,4.764667036278502e-208,298848144.0,4.696598503126902e-22,0.3182189638013688,0.23066122788345508,3.5517310884712803,0.0928753704740285,0.5392280998976573,16.237366729060234,0.1062957846668055
Curvature Variance (strand),0.09992025518341308,1.9229568848332882e-109,295115129.0,5.977282075199787e-33,8103.886003054888,380.50879687321503,35981.264051271064,0.008775133484331886,8484.39436532025,478774.7996142172,0.013129951215222441
